<?xml version="1.0" encoding="UTF-8"?>
<metadata xml:lang="nb"><Esri><CreaDate>20130624</CreaDate><CreaTime>10324200</CreaTime><ArcGISFormat>1.0</ArcGISFormat><SyncOnce>TRUE</SyncOnce><DataProperties><lineage><Process ToolSource="c:\program files (x86)\arcgis\desktop10.1\ArcToolbox\Toolboxes\Data Management Tools.tbx\Project" Date="20130624" Time="103242">Project "U:\Lodde og 0-gruppetoktet\Arctic_Maps\EEZ_&amp;_LMEs\LMEs\LME_180413_polyline.shp" "U:\Lodde og 0-gruppetoktet\Arctic_Maps\EEZ_&amp;_LMEs\LMEs\LME_2013_POLYGON\LME_2013_wgs.shp" GEOGCS['GCS_WGS_1984',DATUM['D_WGS_1984',SPHEROID['WGS_1984',6378137.0,298.257223563]],PRIMEM['Greenwich',0.0],UNIT['Degree',0.0174532925199433]] # PROJCS['North_Pole_Azimuthal_Equidistant',GEOGCS['GCS_WGS_1984',DATUM['D_WGS_1984',SPHEROID['WGS_1984',6378137.0,298.257223563]],PRIMEM['Greenwich',0.0],UNIT['Degree',0.0174532925199433]],PROJECTION['Azimuthal_Equidistant'],PARAMETER['False_Easting',0.0],PARAMETER['False_Northing',0.0],PARAMETER['Central_Meridian',0.0],PARAMETER['Latitude_Of_Origin',90.0],UNIT['Meter',1.0]]</Process></lineage></DataProperties></Esri></metadata>
